IncidntNum,Category,Descript,DayOfWeek,Date,Time,PdDistrict,Resolution,Address,X,Y,Location,PdId
160022641,PROSTITUTION,LOITERING FOR PURPOSE OF PROSTITUTION,Saturday,01/09/2016,02:00,MISSION,"ARREST, BOOKED",19TH ST / CAPP ST,-122.41812008649,37.7603012340397,"(37.7603012340397, -122.41812008649)",16002264113075
160022362,PROSTITUTION,LOITERING FOR PURPOSE OF PROSTITUTION,Friday,01/08/2016,22:30,MISSION,"ARREST, BOOKED",18TH ST / SOUTH VAN NESS AV,-122.417180448635,37.7619674218102,"(37.7619674218102, -122.417180448635)",16002236213075
160012329,PROSTITUTION,SOLICITS LEWD ACT,Tuesday,01/05/2016,16:30,SOUTHERN,"ARREST, BOOKED",200 Block of CLARA ST,-122.403464080033,37.7785233776032,"(37.7785233776032, -122.403464080033)",16001232913110
160010759,PROSTITUTION,LOITERING FOR PURPOSE OF PROSTITUTION,Tuesday,01/05/2016,00:05,MISSION,"ARREST, BOOKED",3300 Block of 20TH ST,-122.416331137192,37.7588520014309,"(37.7588520014309, -122.416331137192)",16001075913075
151115714,PROSTITUTION,PIMPING,Monday,12/28/2015,02:15,MISSION,NONE,3300 Block of 19TH ST,-122.418656834239,37.7602134417458,"(37.7602134417458, -122.418656834239)",15111571413030
151115485,PROSTITUTION,LOITERING FOR PURPOSE OF PROSTITUTION,Sunday,12/27/2015,21:43,BAYVIEW,"ARREST, BOOKED",2300 Block of 20TH ST,-122.404505574379,37.7595850478901,"(37.7595850478901, -122.404505574379)",15111548513075
151115510,PROSTITUTION,LOITERING FOR PURPOSE OF PROSTITUTION,Sunday,12/27/2015,21:43,MISSION,"ARREST, BOOKED",20TH ST / SHOTWELL ST,-122.415781281593,37.7588312134679,"(37.7588312134679, -122.415781281593)",15111551013075
151103678,PROSTITUTION,LOITERING FOR PURPOSE OF PROSTITUTION,Tuesday,12/22/2015,23:30,MISSION,"ARREST, BOOKED",400 Block of CAPP ST,-122.418108925859,37.7594801325769,"(37.7594801325769, -122.418108925859)",15110367813075
151099679,PROSTITUTION,LOITERING FOR PURPOSE OF PROSTITUTION,Monday,12/21/2015,14:29,TARAVAL,"ARREST, BOOKED",1600 Block of OCEAN AV,-122.459564595337,37.7246926893786,"(37.7246926893786, -122.459564595337)",15109967913075
151099679,PROSTITUTION,SOLICITS FOR ACT OF PROSTITUTION,Monday,12/21/2015,14:29,TARAVAL,"ARREST, BOOKED",1600 Block of OCEAN AV,-122.459564595337,37.7246926893786,"(37.7246926893786, -122.459564595337)",15109967913060
151089802,PROSTITUTION,SOLICITS FOR ACT OF PROSTITUTION,Thursday,12/17/2015,22:20,TARAVAL,NONE,100 Block of CAMBON DR,-122.474308079894,37.7166425332691,"(37.7166425332691, -122.474308079894)",15108980213060
151089595,PROSTITUTION,SOLICITS FOR ACT OF PROSTITUTION,Thursday,12/17/2015,20:58,TARAVAL,"ARREST, BOOKED",100 Block of CAMBON DR,-122.474308079894,37.7166425332691,"(37.7166425332691, -122.474308079894)",15108959513060
151089482,PROSTITUTION,SOLICITS FOR ACT OF PROSTITUTION,Thursday,12/17/2015,20:15,TARAVAL,EXCEPTIONAL CLEARANCE,100 Block of CAMBON DR,-122.474308079894,37.7166425332691,"(37.7166425332691, -122.474308079894)",15108948213060
151089012,PROSTITUTION,SOLICITS FOR ACT OF PROSTITUTION,Thursday,12/17/2015,17:45,TARAVAL,"ARREST, BOOKED",100 Block of CAMBON DR,-122.474308079894,37.7166425332691,"(37.7166425332691, -122.474308079894)",15108901213060
151089169,PROSTITUTION,HUMAN TRAFFICKING,Thursday,12/17/2015,17:00,TARAVAL,UNFOUNDED,100 Block of CAMBON DR,-122.474308079894,37.7166425332691,"(37.7166425332691, -122.474308079894)",15108916913045
151089169,PROSTITUTION,LOITERING FOR PURPOSE OF PROSTITUTION,Thursday,12/17/2015,17:00,TARAVAL,UNFOUNDED,100 Block of CAMBON DR,-122.474308079894,37.7166425332691,"(37.7166425332691, -122.474308079894)",15108916913075
151089169,PROSTITUTION,SOLICITS FOR ACT OF PROSTITUTION,Thursday,12/17/2015,17:00,TARAVAL,UNFOUNDED,100 Block of CAMBON DR,-122.474308079894,37.7166425332691,"(37.7166425332691, -122.474308079894)",15108916913060
151088810,PROSTITUTION,SOLICITS FOR ACT OF PROSTITUTION,Thursday,12/17/2015,16:42,TARAVAL,"ARREST, BOOKED",100 Block of CAMBON DR,-122.474308079894,37.7166425332691,"(37.7166425332691, -122.474308079894)",15108881013060
151088519,PROSTITUTION,SOLICITS FOR ACT OF PROSTITUTION,Thursday,12/17/2015,15:08,TARAVAL,"ARREST, BOOKED",100 Block of CAMBON DR,-122.474308079894,37.7166425332691,"(37.7166425332691, -122.474308079894)",15108851913060
151088503,PROSTITUTION,SOLICITS FOR ACT OF PROSTITUTION,Thursday,12/17/2015,15:05,TARAVAL,"ARREST, BOOKED",100 Block of CAMBON DR,-122.474308079894,37.7166425332691,"(37.7166425332691, -122.474308079894)",15108850313060
151088434,PROSTITUTION,SOLICITS FOR ACT OF PROSTITUTION,Thursday,12/17/2015,14:50,TARAVAL,"ARREST, BOOKED",100 Block of CAMBON DR,-122.474308079894,37.7166425332691,"(37.7166425332691, -122.474308079894)",15108843413060
151088428,PROSTITUTION,SOLICITS FOR ACT OF PROSTITUTION,Thursday,12/17/2015,14:45,TARAVAL,"ARREST, BOOKED",100 Block of CAMBON DR,-122.474308079894,37.7166425332691,"(37.7166425332691, -122.474308079894)",15108842813060
151088387,PROSTITUTION,SOLICITS FOR ACT OF PROSTITUTION,Thursday,12/17/2015,14:30,TARAVAL,NONE,100 Block of CAMBON DR,-122.474308079894,37.7166425332691,"(37.7166425332691, -122.474308079894)",15108838713060
151088365,PROSTITUTION,SOLICITS FOR ACT OF PROSTITUTION,Thursday,12/17/2015,14:25,TARAVAL,"ARREST, BOOKED",100 Block of CAMBON DR,-122.474308079894,37.7166425332691,"(37.7166425332691, -122.474308079894)",15108836513060
151088086,PROSTITUTION,LOITERING FOR PURPOSE OF PROSTITUTION,Thursday,12/17/2015,13:00,TARAVAL,"ARREST, BOOKED",100 Block of CAMBON DR,-122.474308079894,37.7166425332691,"(37.7166425332691, -122.474308079894)",15108808613075
151088086,PROSTITUTION,SOLICITS FOR ACT OF PROSTITUTION,Thursday,12/17/2015,13:00,TARAVAL,"ARREST, BOOKED",100 Block of CAMBON DR,-122.474308079894,37.7166425332691,"(37.7166425332691, -122.474308079894)",15108808613060
151087163,PROSTITUTION,LOITERING FOR PURPOSE OF PROSTITUTION,Thursday,12/17/2015,01:00,MISSION,"ARREST, BOOKED",21ST ST / CAPP ST,-122.417812558787,37.7571005796428,"(37.7571005796428, -122.417812558787)",15108716313075
151060658,PROSTITUTION,HUMAN TRAFFICKING,Tuesday,12/08/2015,00:05,MISSION,NONE,MISSION ST / 18TH ST,-122.419360352761,37.7618358012376,"(37.7618358012376, -122.419360352761)",15106065813045
151057683,PROSTITUTION,LOITERING FOR PURPOSE OF PROSTITUTION,Sunday,12/06/2015,22:30,MISSION,"ARREST, BOOKED",SHOTWELL ST / 20TH ST,-122.415781281593,37.7588312134679,"(37.7588312134679, -122.415781281593)",15105768313075
151052166,PROSTITUTION,HUMAN TRAFFICKING,Friday,12/04/2015,21:03,NORTHERN,EXCEPTIONAL CLEARANCE,2400 Block of LOMBARD ST,-122.441811628041,37.7990019436809,"(37.7990019436809, -122.441811628041)",15105216613045
151052166,PROSTITUTION,INMATE/KEEPER OF HOUSE OF PROSTITUTION,Friday,12/04/2015,21:03,NORTHERN,EXCEPTIONAL CLEARANCE,2400 Block of LOMBARD ST,-122.441811628041,37.7990019436809,"(37.7990019436809, -122.441811628041)",15105216613010
151052081,PROSTITUTION,HUMAN TRAFFICKING,Friday,12/04/2015,20:18,CENTRAL,EXCEPTIONAL CLEARANCE,700 Block of SACRAMENTO ST,-122.40539653724,37.7935249040335,"(37.7935249040335, -122.40539653724)",15105208113045
151051920,PROSTITUTION,HUMAN TRAFFICKING,Friday,12/04/2015,19:03,CENTRAL,EXCEPTIONAL CLEARANCE,100 Block of WAVERLY PL,-122.406981046967,37.7946373197462,"(37.7946373197462, -122.406981046967)",15105192013045
151051691,PROSTITUTION,HUMAN TRAFFICKING,Friday,12/04/2015,17:39,CENTRAL,EXCEPTIONAL CLEARANCE,300 Block of KEARNY ST,-122.404195424821,37.7912255174119,"(37.7912255174119, -122.404195424821)",15105169113045
151047101,PROSTITUTION,LOITERING FOR PURPOSE OF PROSTITUTION,Thursday,12/03/2015,04:05,NORTHERN,"ARREST, BOOKED",800 Block of VANNESS AV,-122.42081470958,37.7836278720696,"(37.7836278720696, -122.42081470958)",15104710113075
151046357,PROSTITUTION,LOITERING FOR PURPOSE OF PROSTITUTION,Wednesday,12/02/2015,20:50,TARAVAL,"ARREST, BOOKED",0 Block of GENEVA AV,-122.450929424436,37.7225208462244,"(37.7225208462244, -122.450929424436)",15104635713075
151045901,PROSTITUTION,LOITERING FOR PURPOSE OF PROSTITUTION,Wednesday,12/02/2015,17:50,TARAVAL,"ARREST, BOOKED",0 Block of GENEVA AV,-122.450929424436,37.7225208462244,"(37.7225208462244, -122.450929424436)",15104590113075
151045810,PROSTITUTION,LOITERING FOR PURPOSE OF PROSTITUTION,Wednesday,12/02/2015,17:30,TARAVAL,"ARREST, BOOKED",0 Block of GENEVA AV,-122.450929424436,37.7225208462244,"(37.7225208462244, -122.450929424436)",15104581013075
151045252,PROSTITUTION,LOITERING FOR PURPOSE OF PROSTITUTION,Wednesday,12/02/2015,14:40,TARAVAL,"ARREST, BOOKED",0 Block of GENEVA AV,-122.450929424436,37.7225208462244,"(37.7225208462244, -122.450929424436)",15104525213075
151045111,PROSTITUTION,LOITERING FOR PURPOSE OF PROSTITUTION,Wednesday,12/02/2015,14:00,TARAVAL,"ARREST, BOOKED",0 Block of GENEVA AV,-122.450929424436,37.7225208462244,"(37.7225208462244, -122.450929424436)",15104511113075
151045042,PROSTITUTION,LOITERING FOR PURPOSE OF PROSTITUTION,Wednesday,12/02/2015,13:50,TARAVAL,"ARREST, BOOKED",0 Block of GENEVA AV,-122.450929424436,37.7225208462244,"(37.7225208462244, -122.450929424436)",15104504213075
151045070,PROSTITUTION,LOITERING FOR PURPOSE OF PROSTITUTION,Wednesday,12/02/2015,13:35,TARAVAL,"ARREST, BOOKED",0 Block of GENEVA AV,-122.450929424436,37.7225208462244,"(37.7225208462244, -122.450929424436)",15104507013075
151044919,PROSTITUTION,SOLICITS FOR ACT OF PROSTITUTION,Wednesday,12/02/2015,12:20,TARAVAL,"ARREST, BOOKED",0 Block of GENEVA AV,-122.450929424436,37.7225208462244,"(37.7225208462244, -122.450929424436)",15104491913060
151044919,PROSTITUTION,LOITERING FOR PURPOSE OF PROSTITUTION,Wednesday,12/02/2015,12:20,TARAVAL,"ARREST, BOOKED",0 Block of GENEVA AV,-122.450929424436,37.7225208462244,"(37.7225208462244, -122.450929424436)",15104491913075
151043808,PROSTITUTION,LOITERING FOR PURPOSE OF PROSTITUTION,Tuesday,12/01/2015,23:30,MISSION,"ARREST, BOOKED",3000 Block of 21ST ST,-122.41616767094,37.7571447586073,"(37.7571447586073, -122.41616767094)",15104380813075
151040694,PROSTITUTION,LOITERING FOR PURPOSE OF PROSTITUTION,Monday,11/30/2015,23:30,MISSION,"ARREST, BOOKED",19TH ST / CAPP ST,-122.41812008649,37.7603012340397,"(37.7603012340397, -122.41812008649)",15104069413075
151035140,PROSTITUTION,LOITERING FOR PURPOSE OF PROSTITUTION,Saturday,11/28/2015,23:30,MISSION,"ARREST, BOOKED",19TH ST / SHOTWELL ST,-122.415929849548,37.7604330003754,"(37.7604330003754, -122.415929849548)",15103514013075
151034976,PROSTITUTION,LOITERING FOR PURPOSE OF PROSTITUTION,Saturday,11/28/2015,23:00,MISSION,"ARREST, BOOKED",19TH ST / SOUTH VAN NESS AV,-122.417028392106,37.7603656931573,"(37.7603656931573, -122.417028392106)",15103497613075
151024278,PROSTITUTION,LOITERING FOR PURPOSE OF PROSTITUTION,Tuesday,11/24/2015,22:30,MISSION,"ARREST, BOOKED",CAPP ST / 19TH ST,-122.41812008649,37.7603012340397,"(37.7603012340397, -122.41812008649)",15102427813075
151021616,PROSTITUTION,LOITERING FOR PURPOSE OF PROSTITUTION,Tuesday,11/24/2015,02:22,MISSION,"ARREST, BOOKED",600 Block of SHOTWELL ST,-122.41577026404,37.7580118295123,"(37.7580118295123, -122.41577026404)",15102161613075
151021553,PROSTITUTION,LOITERING FOR PURPOSE OF PROSTITUTION,Monday,11/23/2015,23:30,MISSION,NONE,SOUTH VAN NESS AV / 21ST ST,-122.416720982004,37.7571677817188,"(37.7571677817188, -122.416720982004)",15102155313075
151018500,PROSTITUTION,LOITERING FOR PURPOSE OF PROSTITUTION,Sunday,11/22/2015,23:00,MISSION,"ARREST, BOOKED",SHOTWELL ST / 19TH ST,-122.415929849548,37.7604330003754,"(37.7604330003754, -122.415929849548)",15101850013075
151012875,PROSTITUTION,LOITERING FOR PURPOSE OF PROSTITUTION,Saturday,11/21/2015,00:25,MISSION,"ARREST, BOOKED",CAPP ST / 20TH ST,-122.41796448376,37.7586968166489,"(37.7586968166489, -122.41796448376)",15101287513075
151012665,PROSTITUTION,LOITERING FOR PURPOSE OF PROSTITUTION,Friday,11/20/2015,23:15,MISSION,"ARREST, BOOKED",21ST ST / CAPP ST,-122.417812558787,37.7571005796428,"(37.7571005796428, -122.417812558787)",15101266513075
151009515,PROSTITUTION,LOITERING FOR PURPOSE OF PROSTITUTION,Thursday,11/19/2015,22:00,MISSION,"ARREST, BOOKED",3400 Block of 20TH ST,-122.417413347097,37.7586764833002,"(37.7586764833002, -122.417413347097)",15100951513075
151001016,PROSTITUTION,INMATE/KEEPER OF HOUSE OF PROSTITUTION,Tuesday,11/17/2015,12:00,TARAVAL,"ARREST, BOOKED",0 Block of GENEVA AV,-122.450929424436,37.7225208462244,"(37.7225208462244, -122.450929424436)",15100101613010
151001016,PROSTITUTION,PANDERING,Tuesday,11/17/2015,12:00,TARAVAL,"ARREST, BOOKED",0 Block of GENEVA AV,-122.450929424436,37.7225208462244,"(37.7225208462244, -122.450929424436)",15100101613020
151001016,PROSTITUTION,PIMPING,Tuesday,11/17/2015,12:00,TARAVAL,"ARREST, BOOKED",0 Block of GENEVA AV,-122.450929424436,37.7225208462244,"(37.7225208462244, -122.450929424436)",15100101613030
151001016,PROSTITUTION,HUMAN TRAFFICKING,Tuesday,11/17/2015,12:00,TARAVAL,"ARREST, BOOKED",0 Block of GENEVA AV,-122.450929424436,37.7225208462244,"(37.7225208462244, -122.450929424436)",15100101613045
150994345,PROSTITUTION,PANDERING,Sunday,11/15/2015,05:15,BAYVIEW,NONE,200 Block of BAY SHORE BL,-122.404304136216,37.7442180802683,"(37.7442180802683, -122.404304136216)",15099434513020
150994163,PROSTITUTION,LOITERING FOR PURPOSE OF PROSTITUTION,Sunday,11/15/2015,02:40,MISSION,"ARREST, BOOKED",200 Block of FAIROAKS ST,-122.423991907438,37.7526959571277,"(37.7526959571277, -122.423991907438)",15099416313075
150993864,PROSTITUTION,LOITERING FOR PURPOSE OF PROSTITUTION,Saturday,11/14/2015,23:30,MISSION,"ARREST, BOOKED",400 Block of CAPP ST,-122.418108925859,37.7594801325769,"(37.7594801325769, -122.418108925859)",15099386413075
150993682,PROSTITUTION,LOITERING FOR PURPOSE OF PROSTITUTION,Saturday,11/14/2015,21:55,MISSION,"ARREST, BOOKED",20TH ST / CAPP ST,-122.41796448376,37.7586968166489,"(37.7586968166489, -122.41796448376)",15099368213075
150991288,PROSTITUTION,LOITERING FOR PURPOSE OF PROSTITUTION,Saturday,11/14/2015,00:45,MISSION,"ARREST, BOOKED",19TH ST / SHOTWELL ST,-122.415929849548,37.7604330003754,"(37.7604330003754, -122.415929849548)",15099128813075
150991244,PROSTITUTION,LOITERING FOR PURPOSE OF PROSTITUTION,Friday,11/13/2015,22:50,MISSION,"ARREST, BOOKED",900 Block of SOUTH VAN NESS AV,-122.416863555609,37.7579459514924,"(37.7579459514924, -122.416863555609)",15099124413075
150990672,PROSTITUTION,SOLICITS FOR ACT OF PROSTITUTION,Friday,11/13/2015,19:43,TARAVAL,EXCEPTIONAL CLEARANCE,1600 Block of OCEAN AV,-122.459564595337,37.7246926893786,"(37.7246926893786, -122.459564595337)",15099067213060
150988263,PROSTITUTION,LOITERING FOR PURPOSE OF PROSTITUTION,Friday,11/13/2015,01:00,MISSION,"ARREST, BOOKED",500 Block of CAPP ST,-122.417817852676,37.7578884408086,"(37.7578884408086, -122.417817852676)",15098826313075
150988047,PROSTITUTION,LOITERING FOR PURPOSE OF PROSTITUTION,Thursday,11/12/2015,23:30,MISSION,"ARREST, BOOKED",CAPP ST / 20TH ST,-122.41796448376,37.7586968166489,"(37.7586968166489, -122.41796448376)",15098804713075
150976008,PROSTITUTION,LOITERING FOR PURPOSE OF PROSTITUTION,Sunday,11/08/2015,22:15,MISSION,"ARREST, BOOKED",18TH ST / SOUTH VAN NESS AV,-122.417180448635,37.7619674218102,"(37.7619674218102, -122.417180448635)",15097600813075
150974024,PROSTITUTION,LOITERING FOR PURPOSE OF PROSTITUTION,Sunday,11/08/2015,00:30,MISSION,"ARREST, BOOKED",20TH ST / CAPP ST,-122.41796448376,37.7586968166489,"(37.7586968166489, -122.41796448376)",15097402413075
150973929,PROSTITUTION,LOITERING FOR PURPOSE OF PROSTITUTION,Saturday,11/07/2015,23:30,MISSION,"ARREST, BOOKED",19TH ST / FOLSOM ST,-122.414845139206,37.7605000725995,"(37.7605000725995, -122.414845139206)",15097392913075
150971412,PROSTITUTION,LOITERING FOR PURPOSE OF PROSTITUTION,Saturday,11/07/2015,02:55,MISSION,"ARREST, BOOKED",SHOTWELL ST / 19TH ST,-122.415929849548,37.7604330003754,"(37.7604330003754, -122.415929849548)",15097141213075
150971309,PROSTITUTION,LOITERING FOR PURPOSE OF PROSTITUTION,Saturday,11/07/2015,01:00,MISSION,"ARREST, BOOKED",20TH ST / CAPP ST,-122.41796448376,37.7586968166489,"(37.7586968166489, -122.41796448376)",15097130913075
150968447,PROSTITUTION,LOITERING FOR PURPOSE OF PROSTITUTION,Friday,11/06/2015,00:30,MISSION,"ARREST, BOOKED",21ST ST / CAPP ST,-122.417812558787,37.7571005796428,"(37.7571005796428, -122.417812558787)",15096844713075
150967881,PROSTITUTION,SOLICITS FOR ACT OF PROSTITUTION,Thursday,11/05/2015,20:35,TARAVAL,"ARREST, BOOKED",100 Block of CAMBON DR,-122.474308079894,37.7166425332691,"(37.7166425332691, -122.474308079894)",15096788113060
150967881,PROSTITUTION,LOITERING FOR PURPOSE OF PROSTITUTION,Thursday,11/05/2015,20:35,TARAVAL,"ARREST, BOOKED",100 Block of CAMBON DR,-122.474308079894,37.7166425332691,"(37.7166425332691, -122.474308079894)",15096788113075
150967922,PROSTITUTION,SOLICITS FOR ACT OF PROSTITUTION,Thursday,11/05/2015,20:30,TARAVAL,"ARREST, BOOKED",100 Block of CAMBON DR,-122.474308079894,37.7166425332691,"(37.7166425332691, -122.474308079894)",15096792213060
150967922,PROSTITUTION,LOITERING FOR PURPOSE OF PROSTITUTION,Thursday,11/05/2015,20:30,TARAVAL,"ARREST, BOOKED",100 Block of CAMBON DR,-122.474308079894,37.7166425332691,"(37.7166425332691, -122.474308079894)",15096792213075
150967825,PROSTITUTION,SOLICITS FOR ACT OF PROSTITUTION,Thursday,11/05/2015,20:00,TARAVAL,"ARREST, BOOKED",100 Block of CAMBON DR,-122.474308079894,37.7166425332691,"(37.7166425332691, -122.474308079894)",15096782513060
150967825,PROSTITUTION,LOITERING FOR PURPOSE OF PROSTITUTION,Thursday,11/05/2015,20:00,TARAVAL,"ARREST, BOOKED",100 Block of CAMBON DR,-122.474308079894,37.7166425332691,"(37.7166425332691, -122.474308079894)",15096782513075
150967574,PROSTITUTION,LOITERING FOR PURPOSE OF PROSTITUTION,Thursday,11/05/2015,18:20,TARAVAL,"ARREST, BOOKED",100 Block of CAMBON DR,-122.474308079894,37.7166425332691,"(37.7166425332691, -122.474308079894)",15096757413075
150967530,PROSTITUTION,LOITERING FOR PURPOSE OF PROSTITUTION,Thursday,11/05/2015,18:20,TARAVAL,NONE,100 Block of CAMBON DR,-122.474308079894,37.7166425332691,"(37.7166425332691, -122.474308079894)",15096753013075
150967530,PROSTITUTION,SOLICITS FOR ACT OF PROSTITUTION,Thursday,11/05/2015,18:20,TARAVAL,NONE,100 Block of CAMBON DR,-122.474308079894,37.7166425332691,"(37.7166425332691, -122.474308079894)",15096753013060
150967574,PROSTITUTION,SOLICITS FOR ACT OF PROSTITUTION,Thursday,11/05/2015,18:20,TARAVAL,"ARREST, BOOKED",100 Block of CAMBON DR,-122.474308079894,37.7166425332691,"(37.7166425332691, -122.474308079894)",15096757413060
150967449,PROSTITUTION,LOITERING FOR PURPOSE OF PROSTITUTION,Thursday,11/05/2015,17:20,TARAVAL,"ARREST, BOOKED",100 Block of CAMBON DR,-122.474308079894,37.7166425332691,"(37.7166425332691, -122.474308079894)",15096744913075
150967477,PROSTITUTION,SOLICITS FOR ACT OF PROSTITUTION,Thursday,11/05/2015,17:20,TARAVAL,"ARREST, BOOKED",100 Block of CAMBON DR,-122.474308079894,37.7166425332691,"(37.7166425332691, -122.474308079894)",15096747713060
150967477,PROSTITUTION,LOITERING FOR PURPOSE OF PROSTITUTION,Thursday,11/05/2015,17:20,TARAVAL,"ARREST, BOOKED",100 Block of CAMBON DR,-122.474308079894,37.7166425332691,"(37.7166425332691, -122.474308079894)",15096747713075
150967449,PROSTITUTION,SOLICITS FOR ACT OF PROSTITUTION,Thursday,11/05/2015,17:20,TARAVAL,"ARREST, BOOKED",100 Block of CAMBON DR,-122.474308079894,37.7166425332691,"(37.7166425332691, -122.474308079894)",15096744913060
150967160,PROSTITUTION,LOITERING FOR PURPOSE OF PROSTITUTION,Thursday,11/05/2015,15:30,TARAVAL,"ARREST, BOOKED",100 Block of CAMBON DR,-122.474308079894,37.7166425332691,"(37.7166425332691, -122.474308079894)",15096716013075
150967160,PROSTITUTION,SOLICITS FOR ACT OF PROSTITUTION,Thursday,11/05/2015,15:30,TARAVAL,"ARREST, BOOKED",100 Block of CAMBON DR,-122.474308079894,37.7166425332691,"(37.7166425332691, -122.474308079894)",15096716013060
150967085,PROSTITUTION,SOLICITS FOR ACT OF PROSTITUTION,Thursday,11/05/2015,15:00,TARAVAL,"ARREST, BOOKED",100 Block of CAMBON DR,-122.474308079894,37.7166425332691,"(37.7166425332691, -122.474308079894)",15096708513060
150967085,PROSTITUTION,LOITERING FOR PURPOSE OF PROSTITUTION,Thursday,11/05/2015,15:00,TARAVAL,"ARREST, BOOKED",100 Block of CAMBON DR,-122.474308079894,37.7166425332691,"(37.7166425332691, -122.474308079894)",15096708513075
150966974,PROSTITUTION,SOLICITS FOR ACT OF PROSTITUTION,Thursday,11/05/2015,14:30,TARAVAL,"ARREST, BOOKED",100 Block of CAMBON DR,-122.474308079894,37.7166425332691,"(37.7166425332691, -122.474308079894)",15096697413060
150966952,PROSTITUTION,SOLICITS FOR ACT OF PROSTITUTION,Thursday,11/05/2015,14:30,TARAVAL,"ARREST, BOOKED",100 Block of CAMBON DR,-122.474308079894,37.7166425332691,"(37.7166425332691, -122.474308079894)",15096695213060
150966974,PROSTITUTION,LOITERING FOR PURPOSE OF PROSTITUTION,Thursday,11/05/2015,14:30,TARAVAL,"ARREST, BOOKED",100 Block of CAMBON DR,-122.474308079894,37.7166425332691,"(37.7166425332691, -122.474308079894)",15096697413075
150966952,PROSTITUTION,LOITERING FOR PURPOSE OF PROSTITUTION,Thursday,11/05/2015,14:30,TARAVAL,"ARREST, BOOKED",100 Block of CAMBON DR,-122.474308079894,37.7166425332691,"(37.7166425332691, -122.474308079894)",15096695213075
150966883,PROSTITUTION,SOLICITS FOR ACT OF PROSTITUTION,Thursday,11/05/2015,14:00,TARAVAL,"ARREST, BOOKED",100 Block of CAMBON DR,-122.474308079894,37.7166425332691,"(37.7166425332691, -122.474308079894)",15096688313060
150966883,PROSTITUTION,LOITERING FOR PURPOSE OF PROSTITUTION,Thursday,11/05/2015,14:00,TARAVAL,"ARREST, BOOKED",100 Block of CAMBON DR,-122.474308079894,37.7166425332691,"(37.7166425332691, -122.474308079894)",15096688313075
150967295,PROSTITUTION,SOLICITS FOR ACT OF PROSTITUTION,Thursday,11/05/2015,13:00,TARAVAL,"ARREST, BOOKED",100 Block of CAMBON DR,-122.474308079894,37.7166425332691,"(37.7166425332691, -122.474308079894)",15096729513060
150967295,PROSTITUTION,LOITERING FOR PURPOSE OF PROSTITUTION,Thursday,11/05/2015,13:00,TARAVAL,"ARREST, BOOKED",100 Block of CAMBON DR,-122.474308079894,37.7166425332691,"(37.7166425332691, -122.474308079894)",15096729513075
150947275,PROSTITUTION,SOLICITS FOR ACT OF PROSTITUTION,Thursday,10/29/2015,22:45,CENTRAL,NONE,400 Block of GEARY ST,-122.410699657634,37.7869881885308,"(37.7869881885308, -122.410699657634)",15094727513060
150934517,PROSTITUTION,LOITERING FOR PURPOSE OF PROSTITUTION,Monday,10/26/2015,00:34,MISSION,"ARREST, BOOKED",18TH ST / SHOTWELL ST,-122.416078423909,37.7620347866519,"(37.7620347866519, -122.416078423909)",15093451713075
150934539,PROSTITUTION,SOLICITS FOR ACT OF PROSTITUTION,Monday,10/26/2015,00:32,CENTRAL,NONE,500 Block of GEARY ST,-122.41277729699,37.7868343892701,"(37.7868343892701, -122.41277729699)",15093453913060
150925265,PROSTITUTION,PANDERING,Thursday,10/22/2015,11:00,BAYVIEW,"ARREST, BOOKED",1700 Block of MCKINNON AV,-122.392004361988,37.7374889451827,"(37.7374889451827, -122.392004361988)",15092526513020
150917773,PROSTITUTION,HUMAN TRAFFICKING,Tuesday,10/20/2015,12:00,TARAVAL,CLEARED-CONTACT JUVENILE FOR MORE INFO,200 Block of FONT BL,-122.475285070076,37.7162577964485,"(37.7162577964485, -122.475285070076)",15091777313045
150907116,PROSTITUTION,HUMAN TRAFFICKING,Friday,10/16/2015,21:03,CENTRAL,NONE,800 Block of SUTTER ST,-122.414390137578,37.7885452792081,"(37.7885452792081, -122.414390137578)",15090711613045
150907047,PROSTITUTION,HUMAN TRAFFICKING,Friday,10/16/2015,20:31,CENTRAL,EXCEPTIONAL CLEARANCE,400 Block of STOCKTON ST,-122.407114491118,37.7899019822508,"(37.7899019822508, -122.407114491118)",15090704713045
150906942,PROSTITUTION,HUMAN TRAFFICKING,Friday,10/16/2015,19:59,CENTRAL,EXCEPTIONAL CLEARANCE,500 Block of BUSH ST,-122.405941469147,37.7904631779771,"(37.7904631779771, -122.405941469147)",15090694213045
150906732,PROSTITUTION,HUMAN TRAFFICKING,Friday,10/16/2015,18:46,CENTRAL,EXCEPTIONAL CLEARANCE,900 Block of KEARNY ST,-122.405283980519,37.7965510480789,"(37.7965510480789, -122.405283980519)",15090673213045
150906550,PROSTITUTION,HUMAN TRAFFICKING,Friday,10/16/2015,17:39,TENDERLOIN,EXCEPTIONAL CLEARANCE,400 Block of OFARRELL ST,-122.411747371924,37.7859988323798,"(37.7859988323798, -122.411747371924)",15090655013045
150904407,PROSTITUTION,SOLICITS FOR ACT OF PROSTITUTION,Thursday,10/15/2015,23:33,SOUTHERN,"ARREST, BOOKED",1200 Block of MISSION ST,-122.414457764634,37.7765080370233,"(37.7765080370233, -122.414457764634)",15090440713060
150900502,PROSTITUTION,HUMAN TRAFFICKING,Wednesday,10/14/2015,15:45,MISSION,NONE,1000 Block of POTRERO AV,-122.406539115148,37.7564864109309,"(37.7564864109309, -122.406539115148)",15090050213045
150900502,PROSTITUTION,PIMPING,Wednesday,10/14/2015,15:45,MISSION,NONE,1000 Block of POTRERO AV,-122.406539115148,37.7564864109309,"(37.7564864109309, -122.406539115148)",15090050213030
150876721,PROSTITUTION,LOITERING FOR PURPOSE OF PROSTITUTION,Wednesday,10/07/2015,00:40,TENDERLOIN,"ARREST, BOOKED",MASON ST / OFARRELL ST,-122.409686191837,37.7862042105295,"(37.7862042105295, -122.409686191837)",15087672113075
150873761,PROSTITUTION,SOLICITS FOR ACT OF PROSTITUTION,Tuesday,10/06/2015,00:30,TENDERLOIN,"ARREST, BOOKED",300 Block of MASON ST,-122.409756223507,37.7869126924267,"(37.7869126924267, -122.409756223507)",15087376113060
150873761,PROSTITUTION,LOITERING FOR PURPOSE OF PROSTITUTION,Tuesday,10/06/2015,00:30,TENDERLOIN,"ARREST, BOOKED",300 Block of MASON ST,-122.409756223507,37.7869126924267,"(37.7869126924267, -122.409756223507)",15087376113075
150873830,PROSTITUTION,LOITERING FOR PURPOSE OF PROSTITUTION,Monday,10/05/2015,23:19,CENTRAL,NONE,GEARY ST / MASON ST,-122.409876622532,37.787148807979,"(37.787148807979, -122.409876622532)",15087383013075
150870927,PROSTITUTION,LOITERING FOR PURPOSE OF PROSTITUTION,Monday,10/05/2015,00:30,SOUTHERN,"ARREST, BOOKED",MARKET ST / 4TH ST,-122.405832474482,37.7857446545609,"(37.7857446545609, -122.405832474482)",15087092713075
150870808,PROSTITUTION,LOITERING FOR PURPOSE OF PROSTITUTION,Sunday,10/04/2015,23:00,TENDERLOIN,NONE,200 Block of POWELL ST,-122.408201657254,37.7868849113107,"(37.7868849113107, -122.408201657254)",15087080813075
150865570,PROSTITUTION,LOITERING FOR PURPOSE OF PROSTITUTION,Saturday,10/03/2015,01:13,CENTRAL,"ARREST, BOOKED",GEARY ST / POWELL ST,-122.408231026261,37.787359494956,"(37.787359494956, -122.408231026261)",15086557013075
150865423,PROSTITUTION,LOITERING FOR PURPOSE OF PROSTITUTION,Saturday,10/03/2015,00:10,MISSION,"ARREST, BOOKED",CAPP ST / 20TH ST,-122.41796448376,37.7586968166489,"(37.7586968166489, -122.41796448376)",15086542313075
150865354,PROSTITUTION,LOITERING FOR PURPOSE OF PROSTITUTION,Friday,10/02/2015,23:40,MISSION,"ARREST, BOOKED",20TH ST / SHOTWELL ST,-122.415781281593,37.7588312134679,"(37.7588312134679, -122.415781281593)",15086535413075
150865376,PROSTITUTION,LOITERING FOR PURPOSE OF PROSTITUTION,Friday,10/02/2015,23:30,MISSION,"ARREST, BOOKED",19TH ST / SHOTWELL ST,-122.415929849548,37.7604330003754,"(37.7604330003754, -122.415929849548)",15086537613075
150865285,PROSTITUTION,LOITERING FOR PURPOSE OF PROSTITUTION,Friday,10/02/2015,23:15,MISSION,"ARREST, BOOKED",21ST ST / SHOTWELL ST,-122.415629332446,37.757232227914,"(37.757232227914, -122.415629332446)",15086528513075
150864851,PROSTITUTION,SOLICITS FOR ACT OF PROSTITUTION,Friday,10/02/2015,21:40,NORTHERN,"ARREST, BOOKED",1500 Block of VANNESS AV,-122.422062730264,37.7899200014841,"(37.7899200014841, -122.422062730264)",15086485113060
150864823,PROSTITUTION,SOLICITS FOR ACT OF PROSTITUTION,Friday,10/02/2015,21:33,NORTHERN,"ARREST, BOOKED",1500 Block of VANNESS AV,-122.422062730264,37.7899200014841,"(37.7899200014841, -122.422062730264)",15086482313060
150864663,PROSTITUTION,SOLICITS FOR ACT OF PROSTITUTION,Friday,10/02/2015,20:40,NORTHERN,EXCEPTIONAL CLEARANCE,1500 Block of VANNESS AV,-122.422062730264,37.7899200014841,"(37.7899200014841, -122.422062730264)",15086466313060
150864657,PROSTITUTION,SOLICITS FOR ACT OF PROSTITUTION,Friday,10/02/2015,20:38,NORTHERN,NONE,1500 Block of VANNESS AV,-122.422062730264,37.7899200014841,"(37.7899200014841, -122.422062730264)",15086465713060
150864782,PROSTITUTION,HUMAN TRAFFICKING,Friday,10/02/2015,20:14,NORTHERN,EXCEPTIONAL CLEARANCE,1500 Block of VANNESS AV,-122.422062730264,37.7899200014841,"(37.7899200014841, -122.422062730264)",15086478213045
150864782,PROSTITUTION,SOLICITS FOR ACT OF PROSTITUTION,Friday,10/02/2015,20:14,NORTHERN,EXCEPTIONAL CLEARANCE,1500 Block of VANNESS AV,-122.422062730264,37.7899200014841,"(37.7899200014841, -122.422062730264)",15086478213060
150864124,PROSTITUTION,SOLICITS FOR ACT OF PROSTITUTION,Friday,10/02/2015,16:32,NORTHERN,NONE,1500 Block of VANNESS AV,-122.422062730264,37.7899200014841,"(37.7899200014841, -122.422062730264)",15086412413060
150863853,PROSTITUTION,SOLICITS FOR ACT OF PROSTITUTION,Friday,10/02/2015,16:30,NORTHERN,"ARREST, BOOKED",1500 Block of VANNESS AV,-122.422062730264,37.7899200014841,"(37.7899200014841, -122.422062730264)",15086385313060
150863784,PROSTITUTION,SOLICITS FOR ACT OF PROSTITUTION,Friday,10/02/2015,16:26,NORTHERN,NONE,1500 Block of VANNESS AV,-122.422062730264,37.7899200014841,"(37.7899200014841, -122.422062730264)",15086378413060
150863671,PROSTITUTION,SOLICITS FOR ACT OF PROSTITUTION,Friday,10/02/2015,15:38,NORTHERN,"ARREST, BOOKED",1500 Block of VANNESS AV,-122.422062730264,37.7899200014841,"(37.7899200014841, -122.422062730264)",15086367113060
151076473,PROSTITUTION,HUMAN TRAFFICKING,Thursday,10/01/2015,00:01,CENTRAL,NONE,100 Block of BAY ST,-122.409888227377,37.8060255339956,"(37.8060255339956, -122.409888227377)",15107647313045
150855311,PROSTITUTION,LOITERING FOR PURPOSE OF PROSTITUTION,Wednesday,09/30/2015,23:17,CENTRAL,"ARREST, BOOKED",GEARY ST / MASON ST,-122.409876622532,37.787148807979,"(37.787148807979, -122.409876622532)",15085531113075
150855496,PROSTITUTION,LOITERING FOR PURPOSE OF PROSTITUTION,Wednesday,09/30/2015,00:14,TENDERLOIN,"ARREST, BOOKED",POWELL ST / OFARRELL ST,-122.408040474858,37.7864094033618,"(37.7864094033618, -122.408040474858)",15085549613075
150855402,PROSTITUTION,LOITERING FOR PURPOSE OF PROSTITUTION,Tuesday,09/29/2015,23:45,CENTRAL,"ARREST, BOOKED",300 Block of GEARY ST,-122.409055191364,37.7871979591062,"(37.7871979591062, -122.409055191364)",15085540213075
150855173,PROSTITUTION,LOITERING FOR PURPOSE OF PROSTITUTION,Tuesday,09/29/2015,22:45,CENTRAL,"ARREST, BOOKED",MASON ST / GEARY ST,-122.409876622532,37.787148807979,"(37.787148807979, -122.409876622532)",15085517313075
150848930,PROSTITUTION,LOITERING FOR PURPOSE OF PROSTITUTION,Monday,09/28/2015,00:51,TENDERLOIN,"ARREST, BOOKED",200 Block of OFARRELL ST,-122.408519707346,37.7864044708209,"(37.7864044708209, -122.408519707346)",15084893013075
150848714,PROSTITUTION,LOITERING FOR PURPOSE OF PROSTITUTION,Sunday,09/27/2015,23:00,TENDERLOIN,"ARREST, BOOKED",POWELL ST / OFARRELL ST,-122.408040474858,37.7864094033618,"(37.7864094033618, -122.408040474858)",15084871413075
150848742,PROSTITUTION,LOITERING FOR PURPOSE OF PROSTITUTION,Sunday,09/27/2015,22:37,TENDERLOIN,"ARREST, BOOKED",100 Block of OFARRELL ST,-122.407244087032,37.7865647607685,"(37.7865647607685, -122.407244087032)",15084874213075
150846235,PROSTITUTION,LOITERING FOR PURPOSE OF PROSTITUTION,Sunday,09/27/2015,01:55,TENDERLOIN,"ARREST, BOOKED",ELLIS ST / POWELL ST,-122.407854234538,37.7854922044602,"(37.7854922044602, -122.407854234538)",15084623513075
150846172,PROSTITUTION,LOITERING FOR PURPOSE OF PROSTITUTION,Sunday,09/27/2015,00:30,TENDERLOIN,"ARREST, BOOKED",OFARRELL ST / MASON ST,-122.409686191837,37.7862042105295,"(37.7862042105295, -122.409686191837)",15084617213075
150846069,PROSTITUTION,LOITERING FOR PURPOSE OF PROSTITUTION,Sunday,09/27/2015,00:15,CENTRAL,"ARREST, BOOKED",GEARY ST / MASON ST,-122.409876622532,37.787148807979,"(37.787148807979, -122.409876622532)",15084606913075
150843598,PROSTITUTION,LOITERING FOR PURPOSE OF PROSTITUTION,Saturday,09/26/2015,02:34,MISSION,"ARREST, BOOKED",20TH ST / CAPP ST,-122.41796448376,37.7586968166489,"(37.7586968166489, -122.41796448376)",15084359813075
150843554,PROSTITUTION,LOITERING FOR PURPOSE OF PROSTITUTION,Saturday,09/26/2015,02:11,TENDERLOIN,"ARREST, BOOKED",GEARY ST / POWELL ST,-122.408231026261,37.787359494956,"(37.787359494956, -122.408231026261)",15084355413075
150843253,PROSTITUTION,LOITERING FOR PURPOSE OF PROSTITUTION,Friday,09/25/2015,23:35,TENDERLOIN,"ARREST, BOOKED",MASON ST / OFARRELL ST,-122.409686191837,37.7862042105295,"(37.7862042105295, -122.409686191837)",15084325313075
150830404,PROSTITUTION,LOITERING FOR PURPOSE OF PROSTITUTION,Monday,09/21/2015,23:20,TENDERLOIN,"ARREST, BOOKED",200 Block of POWELL ST,-122.408201657254,37.7868849113107,"(37.7868849113107, -122.408201657254)",15083040413075
150824429,PROSTITUTION,LOITERING FOR PURPOSE OF PROSTITUTION,Sunday,09/20/2015,01:18,TENDERLOIN,"ARREST, BOOKED",OFARRELL ST / POWELL ST,-122.408040474858,37.7864094033618,"(37.7864094033618, -122.408040474858)",15082442913075
150824134,PROSTITUTION,LOITERING FOR PURPOSE OF PROSTITUTION,Saturday,09/19/2015,22:49,TENDERLOIN,"ARREST, BOOKED",GEARY ST / MASON ST,-122.409876622532,37.787148807979,"(37.787148807979, -122.409876622532)",15082413413075
150821390,PROSTITUTION,LOITERING FOR PURPOSE OF PROSTITUTION,Saturday,09/19/2015,01:25,TENDERLOIN,"ARREST, BOOKED",OFARRELL ST / MASON ST,-122.409686191837,37.7862042105295,"(37.7862042105295, -122.409686191837)",15082139013075
150821356,PROSTITUTION,LOITERING FOR PURPOSE OF PROSTITUTION,Saturday,09/19/2015,01:00,TENDERLOIN,"ARREST, BOOKED",GEARY ST / POWELL ST,-122.408231026261,37.787359494956,"(37.787359494956, -122.408231026261)",15082135613075
150821293,PROSTITUTION,LOITERING FOR PURPOSE OF PROSTITUTION,Friday,09/18/2015,23:45,CENTRAL,"ARREST, BOOKED",TAYLOR ST / GEARY ST,-122.411518820359,37.7869408998805,"(37.7869408998805, -122.411518820359)",15082129313075
150812468,PROSTITUTION,LOITERING FOR PURPOSE OF PROSTITUTION,Wednesday,09/16/2015,04:47,MISSION,NONE,500 Block of CAPP ST,-122.417955821717,37.7578801214437,"(37.7578801214437, -122.417955821717)",15081246813075
150803194,PROSTITUTION,LOITERING FOR PURPOSE OF PROSTITUTION,Sunday,09/13/2015,01:12,TENDERLOIN,"ARREST, BOOKED",OFARRELL ST / POWELL ST,-122.408040474858,37.7864094033618,"(37.7864094033618, -122.408040474858)",15080319413075
150802992,PROSTITUTION,LOITERING FOR PURPOSE OF PROSTITUTION,Saturday,09/12/2015,23:30,CENTRAL,"ARREST, BOOKED",300 Block of GEARY ST,-122.409055191364,37.7871979591062,"(37.7871979591062, -122.409055191364)",15080299213075
150811222,PROSTITUTION,PIMPING,Tuesday,09/01/2015,15:00,MISSION,"ARREST, BOOKED",MISSION ST / CAPP ST,-122.418221946229,37.7481664083985,"(37.7481664083985, -122.418221946229)",15081122213030
150811222,PROSTITUTION,PANDERING,Tuesday,09/01/2015,15:00,MISSION,"ARREST, BOOKED",MISSION ST / CAPP ST,-122.418221946229,37.7481664083985,"(37.7481664083985, -122.418221946229)",15081122213020
150755802,PROSTITUTION,HUMAN TRAFFICKING,Friday,08/28/2015,21:17,RICHMOND,EXCEPTIONAL CLEARANCE,4000 Block of BALBOA ST,-122.502148728509,37.7755496261634,"(37.7755496261634, -122.502148728509)",15075580213045
150755614,PROSTITUTION,HUMAN TRAFFICKING,Friday,08/28/2015,20:13,NORTHERN,EXCEPTIONAL CLEARANCE,1100 Block of SUTTER ST,-122.41931732407,37.7879136979106,"(37.7879136979106, -122.41931732407)",15075561413045
150755476,PROSTITUTION,HUMAN TRAFFICKING,Friday,08/28/2015,19:30,CENTRAL,NONE,700 Block of POST ST,-122.41420144235,37.7876109394648,"(37.7876109394648, -122.41420144235)",15075547613045
150755294,PROSTITUTION,HUMAN TRAFFICKING,Friday,08/28/2015,18:37,CENTRAL,NONE,700 Block of SACRAMENTO ST,-122.40539653724,37.7935249040335,"(37.7935249040335, -122.40539653724)",15075529413045
150755012,PROSTITUTION,HUMAN TRAFFICKING,Friday,08/28/2015,17:30,CENTRAL,EXCEPTIONAL CLEARANCE,300 Block of BAY ST,-122.412782236976,37.8056654684523,"(37.8056654684523, -122.412782236976)",15075501213045
150742871,PROSTITUTION,LOITERING FOR PURPOSE OF PROSTITUTION,Tuesday,08/25/2015,03:20,TENDERLOIN,NONE,MASON ST / GEARY ST,-122.409876622532,37.787148807979,"(37.787148807979, -122.409876622532)",15074287113075
150737719,PROSTITUTION,HUMAN TRAFFICKING,Thursday,08/20/2015,18:00,BAYVIEW,NONE,GIANTS DR / GILMAN AV,-122.38685178392,37.7175091051709,"(37.7175091051709, -122.38685178392)",15073771913045
150711315,PROSTITUTION,PIMPING,Friday,08/14/2015,09:30,MISSION,NONE,14TH ST / SHOTWELL ST,-122.416708153993,37.7684715664092,"(37.7684715664092, -122.416708153993)",15071131513030
150711315,PROSTITUTION,HUMAN TRAFFICKING,Friday,08/14/2015,09:30,MISSION,NONE,14TH ST / SHOTWELL ST,-122.416708153993,37.7684715664092,"(37.7684715664092, -122.416708153993)",15071131513045
150681605,PROSTITUTION,HUMAN TRAFFICKING,Wednesday,08/05/2015,14:10,SOUTHERN,NONE,1700 Block of MARKET ST,-122.422188261426,37.7726948236861,"(37.7726948236861, -122.422188261426)",15068160513045
150678527,PROSTITUTION,HUMAN TRAFFICKING,Monday,08/03/2015,22:00,BAYVIEW,NONE,3100 Block of SAN BRUNO AV,-122.401207221713,37.7220290973119,"(37.7220290973119, -122.401207221713)",15067852713045
150663857,PROSTITUTION,SOLICITS FOR ACT OF PROSTITUTION,Thursday,07/30/2015,19:20,SOUTHERN,"ARREST, BOOKED",100 Block of 3RD ST,-122.400916029025,37.7854574902997,"(37.7854574902997, -122.400916029025)",15066385713060
150663584,PROSTITUTION,SOLICITS FOR ACT OF PROSTITUTION,Thursday,07/30/2015,17:38,SOUTHERN,"ARREST, BOOKED",100 Block of 3RD ST,-122.400916029025,37.7854574902997,"(37.7854574902997, -122.400916029025)",15066358413060
150663681,PROSTITUTION,SOLICITS FOR ACT OF PROSTITUTION,Thursday,07/30/2015,16:25,SOUTHERN,EXCEPTIONAL CLEARANCE,100 Block of 3RD ST,-122.400916029025,37.7854574902997,"(37.7854574902997, -122.400916029025)",15066368113060
150663108,PROSTITUTION,SOLICITS FOR ACT OF PROSTITUTION,Thursday,07/30/2015,14:45,SOUTHERN,"ARREST, BOOKED",100 Block of 3RD ST,-122.400916029025,37.7854574902997,"(37.7854574902997, -122.400916029025)",15066310813060
150663277,PROSTITUTION,SOLICITS FOR ACT OF PROSTITUTION,Thursday,07/30/2015,14:41,SOUTHERN,"ARREST, BOOKED",100 Block of 3RD ST,-122.400916029025,37.7854574902997,"(37.7854574902997, -122.400916029025)",15066327713060
150658472,PROSTITUTION,LOITERING FOR PURPOSE OF PROSTITUTION,Wednesday,07/29/2015,03:38,MISSION,NONE,19TH ST / MISSION ST,-122.419208249507,37.7602340753605,"(37.7602340753605, -122.419208249507)",15065847213075
150658256,PROSTITUTION,LOITERING FOR PURPOSE OF PROSTITUTION,Wednesday,07/29/2015,00:08,MISSION,"ARREST, BOOKED",20TH ST / CAPP ST,-122.41796448376,37.7586968166489,"(37.7586968166489, -122.41796448376)",15065825613075
150683504,PROSTITUTION,HUMAN TRAFFICKING,Tuesday,07/28/2015,19:30,SOUTHERN,NONE,2ND ST / STEVENSON ST,-122.400816275984,37.7888170040158,"(37.7888170040158, -122.400816275984)",15068350413045
150654646,PROSTITUTION,HUMAN TRAFFICKING,Monday,07/27/2015,21:44,TARAVAL,NONE,4100 Block of JUDAH ST,-122.506470085569,37.760345451726,"(37.760345451726, -122.506470085569)",15065464613045
150654414,PROSTITUTION,HUMAN TRAFFICKING,Monday,07/27/2015,20:02,NORTHERN,EXCEPTIONAL CLEARANCE,0 Block of POLK ST,-122.41799760821,37.7769551138436,"(37.7769551138436, -122.41799760821)",15065441413045
150654260,PROSTITUTION,HUMAN TRAFFICKING,Monday,07/27/2015,18:50,CENTRAL,EXCEPTIONAL CLEARANCE,800 Block of GEARY ST,-122.417273344939,37.7861493947594,"(37.7861493947594, -122.417273344939)",15065426013045
150653999,PROSTITUTION,HUMAN TRAFFICKING,Monday,07/27/2015,17:36,CENTRAL,EXCEPTIONAL CLEARANCE,200 Block of SUTTER ST,-122.40482801879,37.7897596938342,"(37.7897596938342, -122.40482801879)",15065399913045
150723263,PROSTITUTION,HUMAN TRAFFICKING,Wednesday,07/22/2015,18:00,CENTRAL,UNFOUNDED,1000 Block of MONTGOMERY ST,-122.403891536014,37.7987153189882,"(37.7987153189882, -122.403891536014)",15072326313045
150636042,PROSTITUTION,PIMPING,Wednesday,07/22/2015,01:17,MISSION,NONE,19TH ST / SOUTH VAN NESS AV,-122.417028392106,37.7603656931573,"(37.7603656931573, -122.417028392106)",15063604213030
150641364,PROSTITUTION,INMATE/KEEPER OF HOUSE OF PROSTITUTION,Monday,07/20/2015,12:00,SOUTHERN,NONE,0 Block of VERONA PL,-122.448307079193,37.7356506398948,"(37.7356506398948, -122.448307079193)",15064136413010
150641364,PROSTITUTION,HUMAN TRAFFICKING,Monday,07/20/2015,12:00,SOUTHERN,NONE,0 Block of VERONA PL,-122.448307079193,37.7356506398948,"(37.7356506398948, -122.448307079193)",15064136413045
150641364,PROSTITUTION,PIMPING,Monday,07/20/2015,12:00,SOUTHERN,NONE,0 Block of VERONA PL,-122.448307079193,37.7356506398948,"(37.7356506398948, -122.448307079193)",15064136413030
150750921,PROSTITUTION,HUMAN TRAFFICKING,Monday,07/20/2015,00:01,SOUTHERN,NONE,200 Block of 7TH ST,-122.408550681867,37.7773885566219,"(37.7773885566219, -122.408550681867)",15075092113045
150750921,PROSTITUTION,PIMPING,Monday,07/20/2015,00:01,SOUTHERN,NONE,200 Block of 7TH ST,-122.408550681867,37.7773885566219,"(37.7773885566219, -122.408550681867)",15075092113030
150605768,PROSTITUTION,LOITERING FOR PURPOSE OF PROSTITUTION,Sunday,07/12/2015,00:59,MISSION,"ARREST, BOOKED",20TH ST / CAPP ST,-122.41796448376,37.7586968166489,"(37.7586968166489, -122.41796448376)",15060576813075
150598721,PROSTITUTION,PIMPING,Thursday,07/09/2015,17:30,TARAVAL,NONE,1400 Block of JUDAH ST,-122.477550339518,37.7617306685222,"(37.7617306685222, -122.477550339518)",15059872113030
150598721,PROSTITUTION,INMATE/KEEPER OF HOUSE OF PROSTITUTION,Thursday,07/09/2015,17:30,TARAVAL,NONE,1400 Block of JUDAH ST,-122.477550339518,37.7617306685222,"(37.7617306685222, -122.477550339518)",15059872113010
150598721,PROSTITUTION,PANDERING,Thursday,07/09/2015,17:30,TARAVAL,NONE,1400 Block of JUDAH ST,-122.477550339518,37.7617306685222,"(37.7617306685222, -122.477550339518)",15059872113020
150589792,PROSTITUTION,HUMAN TRAFFICKING,Tuesday,07/07/2015,00:01,MISSION,NONE,VALENCIA ST / 17TH ST,-122.421733767763,37.7632996945938,"(37.7632996945938, -122.421733767763)",15058979213045
150577098,PROSTITUTION,HUMAN TRAFFICKING,Thursday,07/02/2015,11:00,TARAVAL,NONE,600 Block of GARFIELD ST,-122.46851080102,37.7197169663465,"(37.7197169663465, -122.46851080102)",15057709813045
150557692,PROSTITUTION,HUMAN TRAFFICKING,Friday,06/26/2015,20:42,RICHMOND,EXCEPTIONAL CLEARANCE,200 Block of BALBOA ST,-122.461346511027,37.7774104345191,"(37.7774104345191, -122.461346511027)",15055769213045
150557589,PROSTITUTION,HUMAN TRAFFICKING,Friday,06/26/2015,20:03,RICHMOND,EXCEPTIONAL CLEARANCE,3400 Block of BALBOA ST,-122.495731177017,37.7758429042134,"(37.7758429042134, -122.495731177017)",15055758913045
150557460,PROSTITUTION,HUMAN TRAFFICKING,Friday,06/26/2015,19:38,TARAVAL,EXCEPTIONAL CLEARANCE,2500 Block of NORIEGA ST,-122.490944359836,37.7535477247351,"(37.7535477247351, -122.490944359836)",15055746013045
150557385,PROSTITUTION,HUMAN TRAFFICKING,Friday,06/26/2015,18:56,TARAVAL,EXCEPTIONAL CLEARANCE,1600 Block of NORIEGA ST,-122.481309336551,37.7540822450477,"(37.7540822450477, -122.481309336551)",15055738513045
150557294,PROSTITUTION,HUMAN TRAFFICKING,Friday,06/26/2015,17:30,TARAVAL,EXCEPTIONAL CLEARANCE,1600 Block of NORIEGA ST,-122.481309336551,37.7540822450477,"(37.7540822450477, -122.481309336551)",15055729413045
150544906,PROSTITUTION,SOLICITS FOR ACT OF PROSTITUTION,Monday,06/22/2015,20:00,SOUTHERN,"ARREST, BOOKED",100 Block of 3RD ST,-122.400916029025,37.7854574902997,"(37.7854574902997, -122.400916029025)",15054490613060
150544661,PROSTITUTION,SOLICITS FOR ACT OF PROSTITUTION,Monday,06/22/2015,20:00,SOUTHERN,"ARREST, BOOKED",100 Block of 3RD ST,-122.400916029025,37.7854574902997,"(37.7854574902997, -122.400916029025)",15054466113060
150544906,PROSTITUTION,LOITERING FOR PURPOSE OF PROSTITUTION,Monday,06/22/2015,20:00,SOUTHERN,"ARREST, BOOKED",100 Block of 3RD ST,-122.400916029025,37.7854574902997,"(37.7854574902997, -122.400916029025)",15054490613075
150544285,PROSTITUTION,SOLICITS FOR ACT OF PROSTITUTION,Monday,06/22/2015,20:00,SOUTHERN,"ARREST, BOOKED",100 Block of 3RD ST,-122.400916029025,37.7854574902997,"(37.7854574902997, -122.400916029025)",15054428513060
150543908,PROSTITUTION,SOLICITS FOR ACT OF PROSTITUTION,Monday,06/22/2015,16:47,SOUTHERN,"ARREST, BOOKED",100 Block of 3RD ST,-122.400916029025,37.7854574902997,"(37.7854574902997, -122.400916029025)",15054390813060
150543691,PROSTITUTION,SOLICITS FOR ACT OF PROSTITUTION,Monday,06/22/2015,15:30,SOUTHERN,"ARREST, BOOKED",100 Block of 3RD ST,-122.400916029025,37.7854574902997,"(37.7854574902997, -122.400916029025)",15054369113060
150544843,PROSTITUTION,SOLICITS FOR ACT OF PROSTITUTION,Monday,06/22/2015,13:00,SOUTHERN,"ARREST, BOOKED",100 Block of 3RD ST,-122.400916029025,37.7854574902997,"(37.7854574902997, -122.400916029025)",15054484313060
150545352,PROSTITUTION,SOLICITS FOR ACT OF PROSTITUTION,Monday,06/22/2015,13:00,SOUTHERN,"ARREST, BOOKED",100 Block of 3RD ST,-122.400916029025,37.7854574902997,"(37.7854574902997, -122.400916029025)",15054535213060
150545158,PROSTITUTION,SOLICITS FOR ACT OF PROSTITUTION,Monday,06/22/2015,13:00,SOUTHERN,"ARREST, BOOKED",100 Block of 3RD ST,-122.400916029025,37.7854574902997,"(37.7854574902997, -122.400916029025)",15054515813060
150545324,PROSTITUTION,SOLICITS FOR ACT OF PROSTITUTION,Monday,06/22/2015,13:00,SOUTHERN,"ARREST, BOOKED",100 Block of 3RD ST,-122.400916029025,37.7854574902997,"(37.7854574902997, -122.400916029025)",15054532413060
150544843,PROSTITUTION,LOITERING FOR PURPOSE OF PROSTITUTION,Monday,06/22/2015,13:00,SOUTHERN,"ARREST, BOOKED",100 Block of 3RD ST,-122.400916029025,37.7854574902997,"(37.7854574902997, -122.400916029025)",15054484313075
150545170,PROSTITUTION,SOLICITS FOR ACT OF PROSTITUTION,Monday,06/22/2015,13:00,SOUTHERN,"ARREST, BOOKED",100 Block of 3RD ST,-122.400916029025,37.7854574902997,"(37.7854574902997, -122.400916029025)",15054517013060
150542063,PROSTITUTION,LOITERING FOR PURPOSE OF PROSTITUTION,Sunday,06/21/2015,23:06,MISSION,JUVENILE BOOKED,19TH ST / CAPP ST,-122.41812008649,37.7603012340397,"(37.7603012340397, -122.41812008649)",15054206313075
150634541,PROSTITUTION,INMATE/KEEPER OF HOUSE OF PROSTITUTION,Thursday,06/18/2015,16:46,TARAVAL,NONE,1900 Block of 45TH AV,-122.504206336399,37.7501922191992,"(37.7501922191992, -122.504206336399)",15063454113010
150634541,PROSTITUTION,HUMAN TRAFFICKING,Thursday,06/18/2015,16:46,TARAVAL,NONE,1900 Block of 45TH AV,-122.504206336399,37.7501922191992,"(37.7501922191992, -122.504206336399)",15063454113045
150553327,PROSTITUTION,HUMAN TRAFFICKING,Sunday,06/14/2015,10:00,SOUTHERN,NONE,800 Block of BRYANT ST,-122.403404791479,37.775420706711,"(37.775420706711, -122.403404791479)",15055332713045
150486881,PROSTITUTION,LOITERING FOR PURPOSE OF PROSTITUTION,Thursday,06/04/2015,00:47,MISSION,"ARREST, BOOKED",20TH ST / CAPP ST,-122.41796448376,37.7586968166489,"(37.7586968166489, -122.41796448376)",15048688113075
150521863,PROSTITUTION,HUMAN TRAFFICKING,Monday,06/01/2015,12:00,TARAVAL,"ARREST, BOOKED",2100 Block of JUDAH ST,-122.485038730456,37.7612911364242,"(37.7612911364242, -122.485038730456)",15052186313045
150521863,PROSTITUTION,PIMPING,Monday,06/01/2015,12:00,TARAVAL,"ARREST, BOOKED",2100 Block of JUDAH ST,-122.485038730456,37.7612911364242,"(37.7612911364242, -122.485038730456)",15052186313030
150521863,PROSTITUTION,PANDERING,Monday,06/01/2015,12:00,TARAVAL,"ARREST, BOOKED",2100 Block of JUDAH ST,-122.485038730456,37.7612911364242,"(37.7612911364242, -122.485038730456)",15052186313020
150470107,PROSTITUTION,HUMAN TRAFFICKING,Friday,05/29/2015,21:31,CENTRAL,EXCEPTIONAL CLEARANCE,700 Block of SACRAMENTO ST,-122.40539653724,37.7935249040335,"(37.7935249040335, -122.40539653724)",15047010713045
150469990,PROSTITUTION,HUMAN TRAFFICKING,Friday,05/29/2015,20:30,TENDERLOIN,EXCEPTIONAL CLEARANCE,400 Block of JONES ST,-122.412857126524,37.7855804361702,"(37.7855804361702, -122.412857126524)",15046999013045
150469887,PROSTITUTION,HUMAN TRAFFICKING,Friday,05/29/2015,19:05,CENTRAL,EXCEPTIONAL CLEARANCE,900 Block of SUTTER ST,-122.416032976503,37.7883351248181,"(37.7883351248181, -122.416032976503)",15046988713045
150469489,PROSTITUTION,HUMAN TRAFFICKING,Friday,05/29/2015,17:56,PARK,EXCEPTIONAL CLEARANCE,1300 Block of DIVISADERO ST,-122.439329634936,37.7819788533568,"(37.7819788533568, -122.439329634936)",15046948913045
150444243,PROSTITUTION,SOLICITS FOR ACT OF PROSTITUTION,Thursday,05/21/2015,23:00,SOUTHERN,EXCEPTIONAL CLEARANCE,100 Block of HOWARD ST,-122.392925908483,37.7909162093657,"(37.7909162093657, -122.392925908483)",15044424313060
150480645,PROSTITUTION,HUMAN TRAFFICKING,Thursday,05/21/2015,14:00,TARAVAL,NONE,0 Block of HIGUERA AV,-122.483904120247,37.7184872987286,"(37.7184872987286, -122.483904120247)",15048064513045
150418351,PROSTITUTION,SOLICITS FOR ACT OF PROSTITUTION,Thursday,05/14/2015,03:45,NORTHERN,"ARREST, BOOKED",LARKIN ST / HEMLOCK ST,-122.418368839165,37.7874861572271,"(37.7874861572271, -122.418368839165)",15041835113060
